variable,count,mean,std,min,25%,50%,75%,max,original
dummy1,1000.0,-0.0008073352830284494,0.011348720071759445,-0.036155862646396,-0.008325630483398901,-0.0006997033019331,0.006787664834142299,0.046583097735386,0.0150422567686945
dummy2,1000.0,-0.00029316722848283963,0.010896641899328154,-0.0383842383976968,-0.0077830871716701245,-0.00042913946420415,0.00700853674710085,0.0324822331440479,0.0080490700859954
x1,1000.0,0.10594245259374768,2.830298479622842,-8.092719772563774,-1.6306080631893307,0.1352985671273736,1.8570028698149692,28.196879410576948,28.196879410576948
x2,1000.0,0.1223810463376313,8.08293029180946,-26.164204797354287,-5.120676346162138,0.24049822622579065,5.291551633075994,75.04857712910015,75.04857712910015
x3,1000.0,0.002753515284314817,2.0053274251094084,-6.54697999867747,-1.2381001501999929,0.031193644321536547,1.287561301762435,17.7546345829171,17.7546345829171
